<?xml version="1.0" encoding="UTF-8"?>
<project-private xmlns="http://www.netbeans.org/ns/project-private/1">
    <editor-bookmarks xmlns="http://www.netbeans.org/ns/editor-bookmarks/2" lastBookmarkId="0"/>
    <open-files xmlns="http://www.netbeans.org/ns/projectui-open-files/2">
        <group>
            <file>file:/D:/IJSE/Class/CMJD/CMJD106/Library_5_2/src/edu/ijse/layered/dto/TransactionsDto.java</file>
            <file>file:/D:/IJSE/Class/CMJD/CMJD106/Library_5_2/src/edu/ijse/layered/dao/CrudUtil.java</file>
            <file>file:/D:/IJSE/Class/CMJD/CMJD106/Library_5_2/src/edu/ijse/layered/Main.java</file>
            <file>file:/D:/IJSE/Class/CMJD/CMJD106/Library_5_2/src/edu/ijse/layered/service/ServiceFactory.java</file>
            <file>file:/D:/IJSE/Class/CMJD/CMJD106/Library_5_2/src/edu/ijse/layered/dao/custom/BorrowingDao.java</file>
            <file>file:/D:/IJSE/Class/CMJD/CMJD106/Library_5_2/src/edu/ijse/layered/dao/custom/BorrowingDetailDao.java</file>
            <file>file:/D:/IJSE/Class/CMJD/CMJD106/Library_5_2/src/edu/ijse/layered/dao/custom/TransactionsDao.java</file>
            <file>file:/D:/IJSE/Class/CMJD/CMJD106/Library_5_2/src/edu/ijse/layered/dto/BooksDto.java</file>
            <file>file:/D:/IJSE/Class/CMJD/CMJD106/Library_5_2/src/edu/ijse/layered/db/DBConnection.java</file>
            <file>file:/D:/IJSE/Class/CMJD/CMJD106/Library_5_2/src/edu/ijse/layered/dao/CrudDao.java</file>
            <file>file:/D:/IJSE/Class/CMJD/CMJD106/Library_5_2/src/edu/ijse/layered/dao/custom/impl/BorrowingDaoImpl.java</file>
            <file>file:/D:/IJSE/Class/CMJD/CMJD106/Library_5_2/src/edu/ijse/layered/dto/MembersDto.java</file>
            <file>file:/D:/IJSE/Class/CMJD/CMJD106/Library_5_2/src/edu/ijse/layered/controller/BorrowingController.java</file>
            <file>file:/D:/IJSE/Class/CMJD/CMJD106/Library_5_2/src/edu/ijse/layered/dto/BorrowingDetailDto.java</file>
            <file>file:/D:/IJSE/Class/CMJD/CMJD106/Library_5_2/src/edu/ijse/layered/view/BorrowingView.java</file>
            <file>file:/D:/IJSE/Class/CMJD/CMJD106/Library_5_2/src/edu/ijse/layered/dto/BorrowingDto.java</file>
            <file>file:/D:/IJSE/Class/CMJD/CMJD106/Library_5_2/src/edu/ijse/layered/service/custom/impl/BorrowingServiceImpl.java</file>
            <file>file:/D:/IJSE/Class/CMJD/CMJD106/Library_5_2/src/edu/ijse/layered/dao/custom/impl/BorrowingDetailDaoImpl.java</file>
        </group>
    </open-files>
</project-private>
